makespan,max_load
1.014000000000000000e+03,4.240000000000000000e+02
1.054000000000000000e+03,4.180000000000000000e+02
1.106000000000000000e+03,4.070000000000000000e+02
