{
  "avg_hv": [
    [
      0.21292275190353394,
      0.21292275190353394,
      0.21292275190353394,
      0.21672643721103668,
      0.23187053203582764,
      0.23570667207241058,
      0.23570667207241058,
      0.23570667207241058,
      0.23570667207241058,
      0.24556440114974976,
      0.2476671040058136,
      0.26135215163230896,
      0.26135215163230896,
      0.26135215163230896,
      0.26135215163230896,
      0.27408307790756226
    ]
  ],
  "max_hv": [
    [
      0.21292275190353394,
      0.21292275190353394,
      0.21292275190353394,
      0.21672643721103668,
      0.23187053203582764,
      0.23570667207241058,
      0.23570667207241058,
      0.23570667207241058,
      0.23570667207241058,
      0.24556440114974976,
      0.2476671040058136,
      0.26135215163230896,
      0.26135215163230896,
      0.26135215163230896,
      0.26135215163230896,
      0.27408307790756226
    ]
  ],
  "min_obj1": [
    [
      724.0,
      724.0,
      724.0,
      716.0,
      716.0,
      704.0,
      704.0,
      704.0,
      704.0,
      704.0,
      697.0,
      659.0,
      659.0,
      659.0,
      659.0,
      659.0
    ]
  ],
  "avg_obj1": [
    [
      724.0,
      724.0,
      724.0,
      737.6666666666666,
      718.0,
      712.0,
      712.0,
      712.0,
      712.0,
      706.5,
      703.3333333333334,
      684.0,
      684.0,
      684.0,
      684.0,
      707.0
    ]
  ],
  "max_obj1": [
    [
      724.0,
      724.0,
      724.0,
      773.0,
      720.0,
      720.0,
      720.0,
      720.0,
      720.0,
      709.0,
      709.0,
      709.0,
      709.0,
      709.0,
      709.0,
      764.0
    ]
  ],
  "min_obj2": [
    [
      490.0,
      490.0,
      490.0,
      487.0,
      460.0,
      460.0,
      460.0,
      460.0,
      460.0,
      443.0,
      443.0,
      443.0,
      443.0,
      443.0,
      443.0,
      419.0
    ]
  ],
  "avg_obj2": [
    [
      490.0,
      490.0,
      490.0,
      502.0,
      494.5,
      478.5,
      478.5,
      478.5,
      478.5,
      470.0,
      483.3333333333333,
      448.0,
      448.0,
      448.0,
      448.0,
      436.6666666666667
    ]
  ],
  "max_obj2": [
    [
      490.0,
      490.0,
      490.0,
      529.0,
      529.0,
      497.0,
      497.0,
      497.0,
      497.0,
      497.0,
      510.0,
      453.0,
      453.0,
      453.0,
      453.0,
      453.0
    ]
  ],
  "pf": [
    [
      [
        [
          724.0,
          490.0
        ]
      ],
      [
        [
          724.0,
          490.0
        ]
      ],
      [
        [
          724.0,
          490.0
        ]
      ],
      [
        [
          773.0,
          487.0
        ],
        [
          716.0,
          529.0
        ],
        [
          724.0,
          490.0
        ]
      ],
      [
        [
          716.0,
          529.0
        ],
        [
          720.0,
          460.0
        ]
      ],
      [
        [
          720.0,
          460.0
        ],
        [
          704.0,
          497.0
        ]
      ],
      [
        [
          704.0,
          497.0
        ],
        [
          720.0,
          460.0
        ]
      ],
      [
        [
          704.0,
          497.0
        ],
        [
          720.0,
          460.0
        ]
      ],
      [
        [
          720.0,
          460.0
        ],
        [
          704.0,
          497.0
        ]
      ],
      [
        [
          709.0,
          443.0
        ],
        [
          704.0,
          497.0
        ]
      ],
      [
        [
          709.0,
          443.0
        ],
        [
          697.0,
          510.0
        ],
        [
          704.0,
          497.0
        ]
      ],
      [
        [
          659.0,
          453.0
        ],
        [
          709.0,
          443.0
        ]
      ],
      [
        [
          709.0,
          443.0
        ],
        [
          659.0,
          453.0
        ]
      ],
      [
        [
          709.0,
          443.0
        ],
        [
          659.0,
          453.0
        ]
      ],
      [
        [
          659.0,
          453.0
        ],
        [
          709.0,
          443.0
        ]
      ],
      [
        [
          698.0,
          438.0
        ],
        [
          659.0,
          453.0
        ],
        [
          764.0,
          419.0
        ]
      ]
    ]
  ]
}