makespan,max_load
6.980000000000000000e+02,4.380000000000000000e+02
6.590000000000000000e+02,4.530000000000000000e+02
7.640000000000000000e+02,4.190000000000000000e+02
