makespan,max_load
9.270000000000000000e+02,3.730000000000000000e+02
9.130000000000000000e+02,3.760000000000000000e+02
9.270000000000000000e+02,3.730000000000000000e+02
9.270000000000000000e+02,3.730000000000000000e+02
