{
  "avg_hv": [
    [
      0.23426763713359833,
      0.26247861981391907,
      0.267581045627594,
      0.2693585157394409,
      0.2835582494735718,
      0.2862163484096527,
      0.302167147397995,
      0.312796950340271,
      0.3136240839958191,
      0.31638601422309875,
      0.316410630941391,
      0.3210437297821045,
      0.32910671830177307,
      0.32918813824653625,
      0.33123648166656494,
      0.33123648166656494
    ]
  ],
  "max_hv": [
    [
      0.23426763713359833,
      0.26247861981391907,
      0.267581045627594,
      0.2693585157394409,
      0.2835582494735718,
      0.2862163484096527,
      0.302167147397995,
      0.312796950340271,
      0.3136240839958191,
      0.31638601422309875,
      0.316410630941391,
      0.3210437297821045,
      0.32910671830177307,
      0.32918813824653625,
      0.33123648166656494,
      0.33123648166656494
    ]
  ],
  "min_obj1": [
    [
      752.0,
      694.0,
      694.0,
      694.0,
      694.0,
      684.0,
      652.0,
      652.0,
      652.0,
      652.0,
      652.0,
      639.0,
      629.0,
      629.0,
      629.0,
      629.0
    ]
  ],
  "avg_obj1": [
    [
      821.3333333333334,
      762.0,
      748.5,
      756.4444444444445,
      726.75,
      713.125,
      734.25,
      724.0,
      699.0,
      664.25,
      662.75,
      672.2,
      691.0,
      705.0,
      669.5,
      669.5
    ]
  ],
  "max_obj1": [
    [
      947.0,
      835.0,
      784.0,
      820.0,
      786.0,
      786.0,
      842.0,
      774.0,
      774.0,
      675.0,
      675.0,
      731.0,
      825.0,
      825.0,
      700.0,
      700.0
    ]
  ],
  "min_obj2": [
    [
      504.0,
      483.0,
      475.0,
      472.0,
      450.0,
      450.0,
      441.0,
      424.0,
      424.0,
      422.0,
      422.0,
      421.0,
      413.0,
      413.0,
      411.0,
      411.0
    ]
  ],
  "avg_obj2": [
    [
      513.0,
      491.6666666666667,
      487.8333333333333,
      486.55555555555554,
      481.0,
      488.875,
      452.25,
      449.0,
      446.4,
      443.75,
      443.0,
      434.6,
      426.3333333333333,
      424.0,
      421.8333333333333,
      421.8333333333333
    ]
  ],
  "max_obj2": [
    [
      529.0,
      505.0,
      505.0,
      505.0,
      505.0,
      519.0,
      465.0,
      465.0,
      465.0,
      465.0,
      465.0,
      460.0,
      443.0,
      443.0,
      443.0,
      443.0
    ]
  ],
  "pf": [
    [
      [
        [
          947.0,
          504.0
        ],
        [
          752.0,
          529.0
        ],
        [
          765.0,
          506.0
        ]
      ],
      [
        [
          757.0,
          487.0
        ],
        [
          835.0,
          483.0
        ],
        [
          694.0,
          505.0
        ]
      ],
      [
        [
          694.0,
          505.0
        ],
        [
          757.0,
          487.0
        ],
        [
          784.0,
          475.0
        ],
        [
          736.0,
          501.0
        ],
        [
          758.0,
          483.0
        ],
        [
          762.0,
          476.0
        ]
      ],
      [
        [
          747.0,
          491.0
        ],
        [
          758.0,
          483.0
        ],
        [
          784.0,
          475.0
        ],
        [
          750.0,
          489.0
        ],
        [
          762.0,
          476.0
        ],
        [
          736.0,
          501.0
        ],
        [
          820.0,
          472.0
        ],
        [
          757.0,
          487.0
        ],
        [
          694.0,
          505.0
        ]
      ],
      [
        [
          786.0,
          450.0
        ],
        [
          694.0,
          505.0
        ],
        [
          708.0,
          504.0
        ],
        [
          719.0,
          465.0
        ]
      ],
      [
        [
          786.0,
          450.0
        ],
        [
          718.0,
          466.0
        ],
        [
          708.0,
          504.0
        ],
        [
          694.0,
          505.0
        ],
        [
          686.0,
          516.0
        ],
        [
          710.0,
          486.0
        ],
        [
          684.0,
          519.0
        ],
        [
          719.0,
          465.0
        ]
      ],
      [
        [
          842.0,
          441.0
        ],
        [
          772.0,
          444.0
        ],
        [
          652.0,
          465.0
        ],
        [
          671.0,
          459.0
        ]
      ],
      [
        [
          652.0,
          465.0
        ],
        [
          774.0,
          424.0
        ],
        [
          721.0,
          453.0
        ],
        [
          735.0,
          450.0
        ],
        [
          772.0,
          444.0
        ],
        [
          743.0,
          448.0
        ],
        [
          671.0,
          459.0
        ]
      ],
      [
        [
          673.0,
          443.0
        ],
        [
          774.0,
          424.0
        ],
        [
          671.0,
          459.0
        ],
        [
          725.0,
          441.0
        ],
        [
          652.0,
          465.0
        ]
      ],
      [
        [
          675.0,
          422.0
        ],
        [
          652.0,
          465.0
        ],
        [
          657.0,
          445.0
        ],
        [
          673.0,
          443.0
        ]
      ],
      [
        [
          657.0,
          445.0
        ],
        [
          652.0,
          465.0
        ],
        [
          675.0,
          422.0
        ],
        [
          667.0,
          440.0
        ]
      ],
      [
        [
          731.0,
          421.0
        ],
        [
          675.0,
          422.0
        ],
        [
          639.0,
          460.0
        ],
        [
          657.0,
          445.0
        ],
        [
          659.0,
          425.0
        ]
      ],
      [
        [
          652.0,
          438.0
        ],
        [
          825.0,
          413.0
        ],
        [
          629.0,
          443.0
        ],
        [
          710.0,
          418.0
        ],
        [
          671.0,
          421.0
        ],
        [
          659.0,
          425.0
        ]
      ],
      [
        [
          659.0,
          425.0
        ],
        [
          706.0,
          419.0
        ],
        [
          629.0,
          443.0
        ],
        [
          652.0,
          438.0
        ],
        [
          710.0,
          418.0
        ],
        [
          788.0,
          415.0
        ],
        [
          825.0,
          413.0
        ],
        [
          671.0,
          421.0
        ]
      ],
      [
        [
          684.0,
          419.0
        ],
        [
          699.0,
          415.0
        ],
        [
          634.0,
          422.0
        ],
        [
          629.0,
          443.0
        ],
        [
          700.0,
          411.0
        ],
        [
          671.0,
          421.0
        ]
      ],
      [
        [
          700.0,
          411.0
        ],
        [
          684.0,
          419.0
        ],
        [
          629.0,
          443.0
        ],
        [
          634.0,
          422.0
        ],
        [
          671.0,
          421.0
        ],
        [
          699.0,
          415.0
        ]
      ]
    ]
  ]
}