{
  "avg_hv": [
    [
      0.17888709902763367,
      0.18910560011863708,
      0.2056751251220703,
      0.21353699266910553,
      0.2287633717060089,
      0.23309996724128723,
      0.23685161769390106,
      0.2563513517379761,
      0.27337753772735596,
      0.27337753772735596,
      0.2754374146461487,
      0.2759331464767456,
      0.2759331464767456,
      0.2785640060901642,
      0.2786639928817749,
      0.28341230750083923
    ]
  ],
  "max_hv": [
    [
      0.17888709902763367,
      0.18910560011863708,
      0.2056751251220703,
      0.21353699266910553,
      0.2287633717060089,
      0.23309996724128723,
      0.23685161769390106,
      0.2563513517379761,
      0.27337753772735596,
      0.27337753772735596,
      0.2754374146461487,
      0.2759331464767456,
      0.2759331464767456,
      0.2785640060901642,
      0.2786639928817749,
      0.28341230750083923
    ]
  ],
  "min_obj1": [
    [
      783.0,
      750.0,
      737.0,
      712.0,
      691.0,
      691.0,
      687.0,
      655.0,
      655.0,
      655.0,
      655.0,
      655.0,
      655.0,
      655.0,
      655.0,
      642.0
    ]
  ],
  "avg_obj1": [
    [
      802.0,
      750.0,
      796.75,
      780.4,
      728.1428571428571,
      741.5714285714286,
      732.0,
      698.0,
      685.8,
      685.8,
      683.2,
      670.8,
      674.8333333333334,
      688.1428571428571,
      685.1428571428571,
      675.2857142857143
    ]
  ],
  "max_obj1": [
    [
      820.0,
      750.0,
      873.0,
      873.0,
      760.0,
      892.0,
      800.0,
      758.0,
      729.0,
      729.0,
      729.0,
      695.0,
      695.0,
      768.0,
      755.0,
      723.0
    ]
  ],
  "min_obj2": [
    [
      512.0,
      512.0,
      485.0,
      485.0,
      470.0,
      462.0,
      459.0,
      445.0,
      415.0,
      415.0,
      415.0,
      415.0,
      415.0,
      410.0,
      410.0,
      410.0
    ]
  ],
  "avg_obj2": [
    [
      526.3333333333334,
      512.0,
      504.0,
      497.8,
      502.42857142857144,
      491.7142857142857,
      484.1666666666667,
      466.0,
      463.8,
      463.8,
      443.0,
      436.0,
      432.5,
      429.2857142857143,
      429.2857142857143,
      430.0
    ]
  ],
  "max_obj2": [
    [
      546.0,
      512.0,
      529.0,
      506.0,
      521.0,
      521.0,
      510.0,
      499.0,
      499.0,
      499.0,
      499.0,
      457.0,
      457.0,
      457.0,
      457.0,
      447.0
    ]
  ],
  "pf": [
    [
      [
        [
          820.0,
          512.0
        ],
        [
          803.0,
          521.0
        ],
        [
          783.0,
          546.0
        ]
      ],
      [
        [
          750.0,
          512.0
        ]
      ],
      [
        [
          829.0,
          500.0
        ],
        [
          873.0,
          485.0
        ],
        [
          748.0,
          502.0
        ],
        [
          737.0,
          529.0
        ]
      ],
      [
        [
          753.0,
          501.0
        ],
        [
          873.0,
          485.0
        ],
        [
          712.0,
          506.0
        ],
        [
          748.0,
          502.0
        ],
        [
          816.0,
          495.0
        ]
      ],
      [
        [
          712.0,
          506.0
        ],
        [
          698.0,
          512.0
        ],
        [
          753.0,
          501.0
        ],
        [
          760.0,
          470.0
        ],
        [
          735.0,
          505.0
        ],
        [
          691.0,
          521.0
        ],
        [
          748.0,
          502.0
        ]
      ],
      [
        [
          698.0,
          512.0
        ],
        [
          721.0,
          476.0
        ],
        [
          712.0,
          506.0
        ],
        [
          760.0,
          470.0
        ],
        [
          691.0,
          521.0
        ],
        [
          717.0,
          495.0
        ],
        [
          892.0,
          462.0
        ]
      ],
      [
        [
          720.0,
          470.0
        ],
        [
          717.0,
          495.0
        ],
        [
          712.0,
          506.0
        ],
        [
          687.0,
          510.0
        ],
        [
          800.0,
          459.0
        ],
        [
          756.0,
          465.0
        ]
      ],
      [
        [
          669.0,
          465.0
        ],
        [
          655.0,
          499.0
        ],
        [
          710.0,
          455.0
        ],
        [
          758.0,
          445.0
        ]
      ],
      [
        [
          655.0,
          499.0
        ],
        [
          710.0,
          455.0
        ],
        [
          669.0,
          465.0
        ],
        [
          729.0,
          415.0
        ],
        [
          666.0,
          485.0
        ]
      ],
      [
        [
          666.0,
          485.0
        ],
        [
          669.0,
          465.0
        ],
        [
          729.0,
          415.0
        ],
        [
          655.0,
          499.0
        ],
        [
          710.0,
          455.0
        ]
      ],
      [
        [
          709.0,
          424.0
        ],
        [
          655.0,
          499.0
        ],
        [
          729.0,
          415.0
        ],
        [
          657.0,
          442.0
        ],
        [
          666.0,
          435.0
        ]
      ],
      [
        [
          657.0,
          442.0
        ],
        [
          681.0,
          431.0
        ],
        [
          655.0,
          457.0
        ],
        [
          695.0,
          415.0
        ],
        [
          666.0,
          435.0
        ]
      ],
      [
        [
          681.0,
          431.0
        ],
        [
          655.0,
          457.0
        ],
        [
          657.0,
          442.0
        ],
        [
          695.0,
          415.0
        ],
        [
          695.0,
          415.0
        ],
        [
          666.0,
          435.0
        ]
      ],
      [
        [
          695.0,
          415.0
        ],
        [
          666.0,
          435.0
        ],
        [
          655.0,
          457.0
        ],
        [
          768.0,
          410.0
        ],
        [
          681.0,
          431.0
        ],
        [
          695.0,
          415.0
        ],
        [
          657.0,
          442.0
        ]
      ],
      [
        [
          755.0,
          410.0
        ],
        [
          658.0,
          435.0
        ],
        [
          655.0,
          457.0
        ],
        [
          695.0,
          415.0
        ],
        [
          695.0,
          415.0
        ],
        [
          681.0,
          431.0
        ],
        [
          657.0,
          442.0
        ]
      ],
      [
        [
          682.0,
          430.0
        ],
        [
          642.0,
          447.0
        ],
        [
          681.0,
          431.0
        ],
        [
          658.0,
          435.0
        ],
        [
          684.0,
          415.0
        ],
        [
          657.0,
          442.0
        ],
        [
          723.0,
          410.0
        ]
      ]
    ]
  ]
}