{
  "avg_hv": [
    [
      0.20568782091140747,
      0.2181311994791031,
      0.23777280747890472,
      0.257991760969162,
      0.2782844007015228,
      0.2836400866508484,
      0.2951744794845581,
      0.3143984377384186,
      0.3343471586704254,
      0.3348999321460724,
      0.3558681607246399,
      0.37881407141685486,
      0.37881407141685486,
      0.3801652789115906,
      0.38474708795547485,
      0.38640540838241577,
      0.3905204236507416,
      0.39064326882362366,
      0.4067839980125427,
      0.4071525037288666,
      0.41766735911369324,
      0.4177902042865753,
      0.4253201186656952,
      0.4253201186656952,
      0.4253201186656952,
      0.4309460520744324,
      0.44671830534935,
      0.44671830534935,
      0.44671830534935,
      0.44671830534935,
      0.44671830534935,
      0.44671830534935,
      0.44671830534935,
      0.44671830534935,
      0.44671830534935,
      0.44708681106567383,
      0.44708681106567383,
      0.45344972610473633,
      0.45344972610473633,
      0.45344972610473633,
      0.45344972610473633,
      0.45344972610473633,
      0.45344972610473633,
      0.4703275263309479,
      0.4703275263309479,
      0.4703275263309479,
      0.4703275263309479,
      0.4703275263309479,
      0.4703275263309479,
      0.4703275263309479,
      0.4703275263309479
    ]
  ],
  "max_hv": [
    [
      0.20568782091140747,
      0.2181311994791031,
      0.23777280747890472,
      0.257991760969162,
      0.2782844007015228,
      0.2836400866508484,
      0.2951744794845581,
      0.3143984377384186,
      0.3343471586704254,
      0.3348999321460724,
      0.3558681607246399,
      0.37881407141685486,
      0.37881407141685486,
      0.3801652789115906,
      0.38474708795547485,
      0.38640540838241577,
      0.3905204236507416,
      0.39064326882362366,
      0.4067839980125427,
      0.4071525037288666,
      0.41766735911369324,
      0.4177902042865753,
      0.4253201186656952,
      0.4253201186656952,
      0.4253201186656952,
      0.4309460520744324,
      0.44671830534935,
      0.44671830534935,
      0.44671830534935,
      0.44671830534935,
      0.44671830534935,
      0.44671830534935,
      0.44671830534935,
      0.44671830534935,
      0.44671830534935,
      0.44708681106567383,
      0.44708681106567383,
      0.45344972610473633,
      0.45344972610473633,
      0.45344972610473633,
      0.45344972610473633,
      0.45344972610473633,
      0.45344972610473633,
      0.4703275263309479,
      0.4703275263309479,
      0.4703275263309479,
      0.4703275263309479,
      0.4703275263309479,
      0.4703275263309479,
      0.4703275263309479,
      0.4703275263309479
    ]
  ],
  "min_obj1": [
    [
      78.0,
      78.0,
      75.0,
      75.0,
      71.0,
      71.0,
      71.0,
      68.0,
      65.0,
      65.0,
      61.0,
      58.0,
      58.0,
      58.0,
      58.0,
      58.0,
      58.0,
      58.0,
      55.0,
      55.0,
      53.0,
      53.0,
      52.0,
      52.0,
      52.0,
      51.0,
      48.0,
      48.0,
      48.0,
      48.0,
      48.0,
      48.0,
      48.0,
      48.0,
      48.0,
      48.0,
      48.0,
      47.0,
      47.0,
      47.0,
      47.0,
      47.0,
      47.0,
      44.0,
      44.0,
      44.0,
      44.0,
      44.0,
      44.0,
      44.0,
      44.0
    ]
  ],
  "avg_obj1": [
    [
      99.0,
      95.75,
      75.0,
      83.0,
      80.0,
      77.33333333333333,
      76.66666666666667,
      79.75,
      67.5,
      67.0,
      65.75,
      69.25,
      69.25,
      68.33333333333333,
      68.875,
      69.6,
      69.33333333333333,
      65.5,
      60.0,
      58.0,
      58.8,
      56.666666666666664,
      52.0,
      52.0,
      52.0,
      51.0,
      49.5,
      49.5,
      49.5,
      49.5,
      49.5,
      49.5,
      50.0,
      50.4,
      50.25,
      48.666666666666664,
      49.0,
      47.0,
      47.0,
      47.0,
      47.0,
      47.0,
      47.0,
      44.0,
      44.0,
      44.0,
      44.0,
      44.0,
      44.0,
      44.0,
      44.0
    ]
  ],
  "max_obj1": [
    [
      120.0,
      116.0,
      75.0,
      96.0,
      96.0,
      88.0,
      87.0,
      92.0,
      70.0,
      70.0,
      70.0,
      86.0,
      86.0,
      86.0,
      82.0,
      75.0,
      75.0,
      73.0,
      67.0,
      61.0,
      61.0,
      59.0,
      52.0,
      52.0,
      52.0,
      51.0,
      51.0,
      51.0,
      51.0,
      51.0,
      51.0,
      51.0,
      51.0,
      51.0,
      51.0,
      50.0,
      50.0,
      47.0,
      47.0,
      47.0,
      47.0,
      47.0,
      47.0,
      44.0,
      44.0,
      44.0,
      44.0,
      44.0,
      44.0,
      44.0,
      44.0
    ]
  ],
  "min_obj2": [
    [
      55.0,
      54.0,
      54.0,
      47.0,
      47.0,
      45.0,
      42.0,
      40.0,
      40.0,
      40.0,
      40.0,
      37.0,
      37.0,
      37.0,
      36.0,
      36.0,
      36.0,
      36.0,
      36.0,
      36.0,
      36.0,
      36.0,
      36.0,
      36.0,
      36.0,
      36.0,
      36.0,
      36.0,
      36.0,
      36.0,
      36.0,
      36.0,
      36.0,
      36.0,
      36.0,
      36.0,
      36.0,
      36.0,
      36.0,
      36.0,
      36.0,
      36.0,
      36.0,
      36.0,
      36.0,
      36.0,
      36.0,
      36.0,
      36.0,
      36.0,
      36.0
    ]
  ],
  "avg_obj2": [
    [
      58.0,
      56.5,
      54.0,
      49.666666666666664,
      48.666666666666664,
      48.0,
      45.666666666666664,
      43.5,
      44.0,
      45.0,
      43.25,
      41.75,
      41.75,
      42.166666666666664,
      40.75,
      38.6,
      36.333333333333336,
      36.5,
      38.333333333333336,
      38.333333333333336,
      37.4,
      38.333333333333336,
      36.0,
      36.0,
      36.0,
      36.0,
      39.0,
      39.0,
      39.0,
      39.0,
      39.0,
      39.0,
      38.0,
      37.2,
      37.5,
      40.0,
      39.0,
      36.0,
      36.0,
      36.0,
      36.0,
      36.0,
      36.0,
      36.0,
      36.0,
      36.0,
      36.0,
      36.0,
      36.0,
      36.0,
      36.0
    ]
  ],
  "max_obj2": [
    [
      61.0,
      61.0,
      54.0,
      54.0,
      51.0,
      51.0,
      51.0,
      48.0,
      48.0,
      48.0,
      48.0,
      48.0,
      48.0,
      48.0,
      48.0,
      42.0,
      37.0,
      37.0,
      42.0,
      42.0,
      42.0,
      42.0,
      36.0,
      36.0,
      36.0,
      36.0,
      42.0,
      42.0,
      42.0,
      42.0,
      42.0,
      42.0,
      42.0,
      42.0,
      42.0,
      42.0,
      42.0,
      36.0,
      36.0,
      36.0,
      36.0,
      36.0,
      36.0,
      36.0,
      36.0,
      36.0,
      36.0,
      36.0,
      36.0,
      36.0,
      36.0
    ]
  ],