{
  "avg_hv": [
    [
      0.16365326941013336,
      0.17245367169380188,
      0.18684151768684387,
      0.21303479373455048,
      0.261671781539917,
      0.28270018100738525
    ]
  ],
  "max_hv": [
    [
      0.16365326941013336,
      0.17245367169380188,
      0.18684151768684387,
      0.21303479373455048,
      0.261671781539917,
      0.28270018100738525
    ]
  ],
  "min_obj1": [
    [
      87.0,
      85.0,
      84.0,
      79.0,
      70.0,
      70.0
    ]
  ],
  "avg_obj1": [
    [
      93.66666666666667,
      92.66666666666667,
      91.2,
      87.33333333333333,
      91.25,
      75.66666666666667
    ]
  ],
  "max_obj1": [
    [
      106.0,
      105.0,
      108.0,
      108.0,
      125.0,
      81.0
    ]
  ],
  "min_obj2": [
    [
      49.0,
      49.0,
      45.0,
      45.0,
      42.0,
      38.0
    ]
  ],
  "avg_obj2": [
    [
      57.0,
      55.333333333333336,
      54.2,
      53.166666666666664,
      47.625,
      48.0
    ]
  ],
  "max_obj2": [
    [
      67.0,
      62.0,
      66.0,
      66.0,
      55.0,
      55.0
    ]
  ],
  "pf": [
    [
      [
        [
          87.0,
          67.0
        ],
        [
          88.0,
          55.0
        ],
        [
          106.0,
          49.0
        ]
      ],
      [
        [
          85.0,
          62.0
        ],
        [
          105.0,
          49.0
        ],
        [
          88.0,
          55.0
        ]
      ],
      [
        [
          84.0,
          66.0
        ],
        [
          88.0,
          55.0
        ],
        [
          108.0,
          45.0
        ],
        [
          85.0,
          56.0
        ],
        [
          91.0,
          49.0
        ]
      ],
      [
        [
          81.0,
          55.0
        ],
        [
          85.0,
          49.0
        ],
        [
          79.0,
          66.0
        ],
        [
          91.0,
          48.0
        ],
        [
          108.0,
          45.0
        ],
        [
          80.0,
          56.0
        ]
      ],
      [
        [
          70.0,
          55.0
        ],
        [
          85.0,
          49.0
        ],
        [
          76.0,
          51.0
        ],
        [
          86.0,
          48.0
        ],
        [
          99.0,
          44.0
        ],
        [
          104.0,
          43.0
        ],
        [
          125.0,
          42.0
        ],
        [
          85.0,
          49.0
        ]
      ],
      [
        [
          70.0,
          55.0
        ],
        [
          76.0,
          51.0
        ],
        [
          81.0,
          38.0
        ]
      ]
    ]
  ]
}