makespan,max_load
7.000000000000000000e+01,5.500000000000000000e+01
7.600000000000000000e+01,5.100000000000000000e+01
8.100000000000000000e+01,3.800000000000000000e+01
