{
  "avg_hv": [
    [
      0.08916763961315155,
      0.1572507619857788,
      0.1732553094625473,
      0.20226596295833588,
      0.2307024598121643,
      0.2870074510574341
    ]
  ],
  "max_hv": [
    [
      0.08916763961315155,
      0.1572507619857788,
      0.1732553094625473,
      0.20226596295833588,
      0.2307024598121643,
      0.2870074510574341
    ]
  ],
  "min_obj1": [
    [
      90.0,
      83.0,
      80.0,
      80.0,
      75.0,
      68.0
    ]
  ],
  "avg_obj1": [
    [
      110.0,
      95.25,
      94.0,
      89.4,
      87.0,
      76.0
    ]
  ],
  "max_obj1": [
    [
      146.0,
      121.0,
      121.0,
      105.0,
      105.0,
      82.0
    ]
  ],
  "min_obj2": [
    [
      1.1470588235294117,
      1.0294117647058822,
      1.0294117647058822,
      0.8350515463917525,
      0.8350515463917525,
      0.8350515463917525
    ]
  ],
  "avg_obj2": [
    [
      1.604494629683463,
      1.4182284541723664,
      1.3850418539140346,
      1.0933923335801954,
      1.0636299782119618,
      0.921063066071205
    ]
  ],
  "max_obj2": [
    [
      2.1904761904761907,
      1.7941176470588236,
      2.0317460317460316,
      1.3714285714285714,
      1.2964824120603016,
      0.9807692307692308
    ]
  ],
  "pf": [
    [
      [
        [
          135.0,
          1.1650485436893203
        ],
        [
          106.0,
          1.5069767441860464
        ],
        [
          97.0,
          1.9521531100478469
        ],
        [
          94.0,
          1.962085308056872
        ],
        [
          99.0,
          1.641509433962264
        ],
        [
          146.0,
          1.1470588235294117
        ],
        [
          90.0,
          2.1904761904761907
        ],
        [
          111.0,
          1.4423076923076925
        ],
        [
          112.0,
          1.4328358208955223
        ]
      ],
      [
        [
          87.0,
          1.7023255813953486
        ],
        [
          90.0,
          1.1470588235294117
        ],
        [
          121.0,
          1.0294117647058822
        ],
        [
          83.0,
          1.7941176470588236
        ]
      ],
      [
        [
          121.0,
          1.0294117647058822
        ],
        [
          80.0,
          2.0317460317460316
        ],
        [
          83.0,
          1.7941176470588236
        ],
        [
          89.0,
          1.2513368983957218
        ],
        [
          84.0,
          1.3056994818652852
        ],
        [
          90.0,
          1.1470588235294117
        ],
        [
          111.0,
          1.1359223300970873
        ]
      ],
      [
        [
          86.0,
          1.0163934426229508
        ],
        [
          80.0,
          1.3714285714285714
        ],
        [
          105.0,
          0.8350515463917525
        ],
        [
          84.0,
          1.3056994818652852
        ],
        [
          92.0,
          0.9383886255924171
        ]
      ],
      [
        [
          105.0,
          0.8350515463917525
        ],
        [
          92.0,
          0.9383886255924171
        ],
        [
          75.0,
          1.2964824120603016
        ],
        [
          83.0,
          0.9896907216494845
        ],
        [
          80.0,
          1.2585365853658537
        ]
      ],
      [
        [
          82.0,
          0.8350515463917525
        ],
        [
          78.0,
          0.9473684210526315
        ],
        [
          68.0,
          0.9807692307692308
        ]
      ]
    ]
  ]
}