makespan,max_load
8.200000000000000000e+01,8.350515463917524972e-01
7.800000000000000000e+01,9.473684210526315264e-01
6.800000000000000000e+01,9.807692307692308376e-01
