makespan,max_load
7.490000000000000000e+02,4.060000000000000000e+02
7.050000000000000000e+02,4.710000000000000000e+02
7.080000000000000000e+02,4.390000000000000000e+02
