{
  "avg_hv": [
    [
      0.24805842339992523,
      0.27445679903030396,
      0.27515095472335815
    ]
  ],
  "max_hv": [
    [
      0.24805842339992523,
      0.27445679903030396,
      0.27515095472335815
    ]
  ],
  "min_obj1": [
    [
      769.0,
      718.0,
      718.0
    ]
  ],
  "avg_obj1": [
    [
      784.5,
      792.6666666666666,
      790.2
    ]
  ],
  "max_obj1": [
    [
      800.0,
      860.0,
      860.0
    ]
  ],
  "min_obj2": [
    [
      486.0,
      463.0,
      463.0
    ]
  ],
  "avg_obj2": [
    [
      497.0,
      482.0,
      480.2
    ]
  ],
  "max_obj2": [
    [
      508.0,
      497.0,
      497.0
    ]
  ],
  "pf": [
    [
      [
        [
          800.0,
          486.0
        ],
        [
          769.0,
          508.0
        ]
      ],
      [
        [
          860.0,
          463.0
        ],
        [
          800.0,
          486.0
        ],
        [
          718.0,
          497.0
        ]
      ],
      [
        [
          781.0,
          484.0
        ],
        [
          767.0,
          489.0
        ],
        [
          825.0,
          468.0
        ],
        [
          860.0,
          463.0
        ],
        [
          718.0,
          497.0
        ]
      ]
    ]
  ]
}