{
  "avg_hv": [
    [
      0.07455778121948242,
      0.0905507504940033,
      0.09633875638246536,
      0.10989343374967575,
      0.13026441633701324,
      0.1723073124885559,
      0.1723073124885559,
      0.18460001051425934,
      0.18506741523742676,
      0.18787182867527008
    ]
  ],
  "max_hv": [
    [
      0.07455778121948242,
      0.0905507504940033,
      0.09633875638246536,
      0.10989343374967575,
      0.13026441633701324,
      0.1723073124885559,
      0.1723073124885559,
      0.18460001051425934,
      0.18506741523742676,
      0.18787182867527008
    ]
  ],
  "min_obj1": [
    [
      95.0,
      90.0,
      89.0,
      89.0,
      84.0,
      76.0,
      76.0,
      76.0,
      76.0,
      76.0
    ]
  ],
  "avg_obj1": [
    [
      108.5,
      97.0,
      96.66666666666667,
      89.5,
      87.0,
      76.0,
      99.0,
      79.66666666666667,
      79.33333333333333,
      77.33333333333333
    ]
  ],
  "max_obj1": [
    [
      122.0,
      106.0,
      106.0,
      90.0,
      90.0,
      76.0,
      122.0,
      87.0,
      86.0,
      80.0
    ]
  ],
  "min_obj2": [
    [
      55.0,
      55.0,
      55.0,
      55.0,
      55.0,
      54.0,
      48.0,
      48.0,
      48.0,
      48.0
    ]
  ],
  "avg_obj2": [
    [
      58.0,
      65.66666666666667,
      63.333333333333336,
      58.0,
      58.0,
      54.0,
      51.0,
      52.0,
      52.0,
      52.0
    ]
  ],
  "max_obj2": [
    [
      61.0,
      81.0,
      74.0,
      61.0,
      61.0,
      54.0,
      54.0,
      54.0,
      54.0,
      54.0
    ]
  ],
  "pf": [
    [
      [
        [
          95.0,
          61.0
        ],
        [
          122.0,
          55.0
        ]
      ],
      [
        [
          90.0,
          81.0
        ],
        [
          106.0,
          55.0
        ],
        [
          95.0,
          61.0
        ]
      ],
      [
        [
          106.0,
          55.0
        ],
        [
          89.0,
          74.0
        ],
        [
          95.0,
          61.0
        ]
      ],
      [
        [
          90.0,
          55.0
        ],
        [
          89.0,
          61.0
        ]
      ],
      [
        [
          84.0,
          61.0
        ],
        [
          90.0,
          55.0
        ]
      ],
      [
        [
          76.0,
          54.0
        ]
      ],
      [
        [
          122.0,
          48.0
        ],
        [
          76.0,
          54.0
        ]
      ],
      [
        [
          76.0,
          54.0
        ],
        [
          87.0,
          48.0
        ],
        [
          76.0,
          54.0
        ]
      ],
      [
        [
          86.0,
          48.0
        ],
        [
          76.0,
          54.0
        ],
        [
          76.0,
          54.0
        ]
      ],
      [
        [
          76.0,
          54.0
        ],
        [
          80.0,
          48.0
        ],
        [
          76.0,
          54.0
        ]
      ]
    ]
  ]
}