{
  "avg_hv": [
    [
      0.24116119742393494,
      0.24889972805976868,
      0.27603045105934143,
      0.27667492628097534,
      0.27731871604919434,
      0.2834312617778778,
      0.28870853781700134,
      0.28936532139778137,
      0.290380597114563,
      0.2964493930339813,
      0.2973312735557556,
      0.30542004108428955,
      0.31999263167381287,
      0.3202861249446869,
      0.3202861249446869,
      0.32032510638237
    ]
  ],
  "max_hv": [
    [
      0.24116119742393494,
      0.24889972805976868,
      0.27603045105934143,
      0.27667492628097534,
      0.27731871604919434,
      0.2834312617778778,
      0.28870853781700134,
      0.28936532139778137,
      0.290380597114563,
      0.2964493930339813,
      0.2973312735557556,
      0.30542004108428955,
      0.31999263167381287,
      0.3202861249446869,
      0.3202861249446869,
      0.32032510638237
    ]
  ],
  "min_obj1": [
    [
      751.0,
      751.0,
      719.0,
      719.0,
      719.0,
      699.0,
      693.0,
      693.0,
      693.0,
      673.0,
      673.0,
      647.0,
      647.0,
      647.0,
      647.0,
      647.0
    ]
  ],
  "avg_obj1": [
    [
      761.0,
      768.6,
      780.0,
      788.3333333333334,
      785.4285714285714,
      778.0,
      759.8,
      761.75,
      727.6,
      720.25,
      742.0,
      760.5,
      676.0,
      674.6666666666666,
      674.6666666666666,
      685.4
    ]
  ],
  "max_obj1": [
    [
      771.0,
      787.0,
      863.0,
      863.0,
      863.0,
      863.0,
      820.0,
      820.0,
      787.0,
      787.0,
      848.0,
      848.0,
      705.0,
      705.0,
      705.0,
      705.0
    ]
  ],
  "min_obj2": [
    [
      492.0,
      479.0,
      447.0,
      447.0,
      447.0,
      447.0,
      442.0,
      442.0,
      441.0,
      441.0,
      440.0,
      440.0,
      418.0,
      418.0,
      418.0,
      418.0
    ]
  ],
  "avg_obj2": [
    [
      536.0,
      522.6,
      475.75,
      472.8333333333333,
      470.57142857142856,
      462.0,
      459.2,
      454.5,
      456.6,
      452.75,
      448.6666666666667,
      443.0,
      432.5,
      433.0,
      433.0,
      428.8
    ]
  ],
  "max_obj2": [
    [
      580.0,
      580.0,
      493.0,
      493.0,
      493.0,
      481.0,
      472.0,
      472.0,
      472.0,
      465.0,
      465.0,
      447.0,
      447.0,
      447.0,
      447.0,
      447.0
    ]
  ],
  "pf": [
    [
      [
        [
          771.0,
          492.0
        ],
        [
          751.0,
          580.0
        ]
      ],
      [
        [
          771.0,
          492.0
        ],
        [
          787.0,
          479.0
        ],
        [
          751.0,
          580.0
        ],
        [
          758.0,
          576.0
        ],
        [
          776.0,
          486.0
        ]
      ],
      [
        [
          863.0,
          447.0
        ],
        [
          787.0,
          479.0
        ],
        [
          719.0,
          493.0
        ],
        [
          751.0,
          484.0
        ]
      ],
      [
        [
          751.0,
          484.0
        ],
        [
          788.0,
          473.0
        ],
        [
          719.0,
          493.0
        ],
        [
          787.0,
          479.0
        ],
        [
          822.0,
          461.0
        ],
        [
          863.0,
          447.0
        ]
      ],
      [
        [
          787.0,
          479.0
        ],
        [
          719.0,
          493.0
        ],
        [
          816.0,
          450.0
        ],
        [
          790.0,
          471.0
        ],
        [
          735.0,
          481.0
        ],
        [
          788.0,
          473.0
        ],
        [
          863.0,
          447.0
        ]
      ],
      [
        [
          816.0,
          450.0
        ],
        [
          734.0,
          470.0
        ],
        [
          863.0,
          447.0
        ],
        [
          699.0,
          481.0
        ]
      ],
      [
        [
          816.0,
          450.0
        ],
        [
          734.0,
          470.0
        ],
        [
          693.0,
          472.0
        ],
        [
          736.0,
          462.0
        ],
        [
          820.0,
          442.0
        ]
      ],
      [
        [
          816.0,
          450.0
        ],
        [
          718.0,
          454.0
        ],
        [
          820.0,
          442.0
        ],
        [
          693.0,
          472.0
        ]
      ],
      [
        [
          787.0,
          441.0
        ],
        [
          693.0,
          472.0
        ],
        [
          734.0,
          451.0
        ],
        [
          718.0,
          454.0
        ],
        [
          706.0,
          465.0
        ]
      ],
      [
        [
          734.0,
          451.0
        ],
        [
          673.0,
          465.0
        ],
        [
          787.0,
          441.0
        ],
        [
          687.0,
          454.0
        ]
      ],
      [
        [
          687.0,
          454.0
        ],
        [
          787.0,
          441.0
        ],
        [
          760.0,
          444.0
        ],
        [
          848.0,
          440.0
        ],
        [
          697.0,
          448.0
        ],
        [
          673.0,
          465.0
        ]
      ],
      [
        [
          760.0,
          444.0
        ],
        [
          647.0,
          447.0
        ],
        [
          787.0,
          441.0
        ],
        [
          848.0,
          440.0
        ]
      ],
      [
        [
          647.0,
          447.0
        ],
        [
          705.0,
          418.0
        ]
      ],
      [
        [
          672.0,
          434.0
        ],
        [
          647.0,
          447.0
        ],
        [
          705.0,
          418.0
        ]
      ],
      [
        [
          705.0,
          418.0
        ],
        [
          647.0,
          447.0
        ],
        [
          672.0,
          434.0
        ]
      ],
      [
        [
          703.0,
          422.0
        ],
        [
          647.0,
          447.0
        ],
        [
          672.0,
          434.0
        ],
        [
          700.0,
          423.0
        ],
        [
          705.0,
          418.0
        ]
      ]
    ]
  ]
}