{
  "avg_hv": [
    [
      0.05714701861143112,
      0.0805794894695282,
      0.10846786201000214,
      0.1494123488664627,
      0.16179074347019196,
      0.1857685148715973,
      0.20123955607414246,
      0.23129354417324066,
      0.24699050188064575,
      0.27032169699668884
    ]
  ],
  "max_hv": [
    [
      0.05714701861143112,
      0.0805794894695282,
      0.10846786201000214,
      0.1494123488664627,
      0.16179074347019196,
      0.1857685148715973,
      0.20123955607414246,
      0.23129354417324066,
      0.24699050188064575,
      0.27032169699668884
    ]
  ],
  "min_obj1": [
    [
      98.0,
      93.0,
      89.0,
      83.0,
      81.0,
      75.0,
      73.0,
      67.0,
      67.0,
      63.0
    ]
  ],
  "avg_obj1": [
    [
      110.66666666666667,
      96.5,
      89.0,
      83.0,
      81.0,
      78.0,
      77.0,
      68.33333333333333,
      69.5,
      70.66666666666667
    ]
  ],
  "max_obj1": [
    [
      127.0,
      100.0,
      89.0,
      83.0,
      81.0,
      81.0,
      81.0,
      70.0,
      73.0,
      80.0
    ]
  ],
  "min_obj2": [
    [
      62.0,
      62.0,
      56.0,
      50.0,
      49.0,
      49.0,
      49.0,
      49.0,
      44.0,
      43.0
    ]
  ],
  "avg_obj2": [
    [
      64.0,
      62.5,
      56.0,
      50.0,
      49.0,
      55.5,
      49.5,
      51.333333333333336,
      49.5,
      46.333333333333336
    ]
  ],
  "max_obj2": [
    [
      67.0,
      63.0,
      56.0,
      50.0,
      49.0,
      62.0,
      50.0,
      55.0,
      55.0,
      50.0
    ]
  ],
  "pf": [
    [
      [
        [
          98.0,
          67.0
        ],
        [
          127.0,
          62.0
        ],
        [
          107.0,
          63.0
        ]
      ],
      [
        [
          93.0,
          63.0
        ],
        [
          100.0,
          62.0
        ]
      ],
      [
        [
          89.0,
          56.0
        ]
      ],
      [
        [
          83.0,
          50.0
        ]
      ],
      [
        [
          81.0,
          49.0
        ]
      ],
      [
        [
          81.0,
          49.0
        ],
        [
          75.0,
          62.0
        ]
      ],
      [
        [
          81.0,
          49.0
        ],
        [
          73.0,
          50.0
        ]
      ],
      [
        [
          67.0,
          55.0
        ],
        [
          68.0,
          50.0
        ],
        [
          70.0,
          49.0
        ]
      ],
      [
        [
          73.0,
          44.0
        ],
        [
          70.0,
          49.0
        ],
        [
          67.0,
          55.0
        ],
        [
          68.0,
          50.0
        ]
      ],
      [
        [
          73.0,
          44.0
        ],
        [
          80.0,
          43.0
        ],
        [
          71.0,
          48.0
        ],
        [
          73.0,
          44.0
        ],
        [
          63.0,
          50.0
        ],
        [
          64.0,
          49.0
        ]
      ]
    ]
  ]
}